[{"en":"Andorra", "de":"Andorra","code":"AD"},
{"en":"United Arab Emirates", "de":"Vereinigte Arabische Emirate","code":"AE"},
{"en":"Afghanistan", "de":"Afghanistan","code":"AF"},
{"en":"Antigua And Barbuda", "de":"Antigua und Barbuda","code":"AG"},
{"en":"Anguilla", "de":"Anguilla","code":"AI"},
{"en":"Albania", "de":"Albanien","code":"AL"},
{"en":"Armenia", "de":"Armenien","code":"AM"},
{"en":"Netherlands Antilles", "de":"Niederländische Antillen","code":"AN"},
{"en":"Angola", "de":"Angola","code":"AO"},
{"en":"Antarctica", "de":"Antarktis","code":"AQ"},
{"en":"Argentina", "de":"Argentinien","code":"AR"},
{"en":"American Samoa", "de":"Amerikanisch-Samoa","code":"AS"},
{"en":"Austria", "de":"Österreich","code":"AT"},
{"en":"Australia", "de":"Australien","code":"AU"},
{"en":"Aruba", "de":"Aruba","code":"AW"},
{"en":"Åland Islands", "de":"Åland","code":"AX"},
{"en":"Azerbaijan", "de":"Aserbaidschan","code":"AZ"},
{"en":"Bosnia And Herzegovina", "de":"Bosnien und Herzegowina","code":"BA"},
{"en":"Barbados", "de":"Barbados","code":"BB"},
{"en":"Bangladesh", "de":"Bangladesch","code":"BD"},
{"en":"Belgium", "de":"Belgien","code":"BE"},
{"en":"Burkina Faso", "de":"Burkina Faso","code":"BF"},
{"en":"Bulgaria", "de":"Bulgarien","code":"BG"},
{"en":"Bahrain", "de":"Bahrain","code":"BH"},
{"en":"Burundi", "de":"Burundi","code":"BI"},
{"en":"Benin", "de":"Benin","code":"BJ"},
{"en":"Saint Barthélemy", "de":"Saint-Barthélemy","code":"BL"},
{"en":"Bermuda", "de":"Bermuda","code":"BM"},
{"en":"Brunei Darussalam", "de":"Brunei Darussalam","code":"BN"},
{"en":"Bolivia Plurinational State Of", "de":"Bolivien", "code":"BO"},
{"en":"Bonaire, Sint Eustatius And Saba", "de":"Bonaire, Sint Eustatius und Saba","code":"BQ"},
{"en":"Brazil", "de":"Brasilien","code":"BR"},
{"en":"Bahamas", "de":"Bahamas","code":"BS"},
{"en":"Bhutan", "de":"Bhutan","code":"BT"},
{"en":"Bouvet Island", "de":"Bouvetinsel","code":"BV"},
{"en":"Botswana", "de":"Botswana","code":"BW"},
{"en":"Belarus", "de":"Belarus (Weißrussland)","code":"BY"},
{"en":"Belize", "de":"Belize","code":"BZ"},
{"en":"Canada", "de":"Kanada","code":"CA"},
{"en":"Cocos (keeling) Islands", "de":"Kokosinseln","code":"CC"},
{"en":"Congo, The Democratic Republic Of The", "de":"Kongo, Demokratische Republik (ehem. Zaire)","code":"CD"},
{"en":"Central African Republic", "de":"Zentralafrikanische Republik","code":"CF"},
{"en":"Congo", "de":"Republik Kongo","code":"CG"},
{"en":"Switzerland", "de":"Schweiz (Confoederatio Helvetica)","code":"CH"},
{"en":"Côte D'Ivoire", "de":"Cote d'Ivoire (Elfenbeinküste)","code":"CI"},
{"en":"Cook Islands", "de":"Cookinseln","code":"CK"},
{"en":"Chile", "de":"Chile","code":"CL"},
{"en":"Cameroon", "de":"Kamerun","code":"CM"},
{"en":"China", "de":"China, Volksrepublik","code":"CN"},
{"en":"Colombia", "de":"Kolumbien","code":"CO"},
{"en":"Costa Rica", "de":"Costa Rica","code":"CR"},
{"en":"Cuba", "de":"Kuba","code":"CU"},
{"en":"Cape Verde", "de":"Kap Verde","code":"CV"},
{"en":"Curacao", "de":"Curaçao","code":"CW"},
{"en":"Christmas Island", "de":"Weihnachtsinsel","code":"CX"},
{"en":"Cyprus", "de":"Zypern","code":"CY"},
{"en":"Czech Republic", "de":"Tschechische Republik","code":"CZ"},
{"en":"Germany", "de":"Deutschland","code":"DE"},
{"en":"Djibouti", "de":"Dschibuti","code":"DJ"},
{"en":"Denmark", "de":"Dänemark","code":"DK"},
{"en":"Dominica", "de":"Dominica","code":"DM"},
{"en":"Dominican Republic", "de":"Dominikanische Republik","code":"DO"},
{"en":"Algeria", "de":"Algerien","code":"DZ"},
{"en":"Ecuador", "de":"Ecuador","code":"EC"},
{"en":"Estonia", "de":"Estland","code":"EE"},
{"en":"Egypt", "de":"Ägypten","code":"EG"},
{"en":"Western Sahara", "de":"Westsahara","code":"EH"},
{"en":"Eritrea", "de":"Eritrea","code":"ER"},
{"en":"Spain", "de":"Spanien","code":"ES"},
{"en":"Ethiopia", "de":"Äthiopien","code":"ET"},
{"en":"Finland", "de":"Finnland","code":"FI"},
{"en":"Fiji", "de":"Fidschi","code":"FJ"},
{"en":"Falkland Islands (malvinas)", "de": "Falklandinseln","code":"FK"},
{"en":"Micronesia, Federated States Of", "de":"Mikronesien","code":"FM"},
{"en":"Faroe Islands", "de":"Färöer","code":"FO"},
{"en":"France", "de":"Frankreich","code":"FR"},
{"en":"Gabon", "de":"Gabun","code":"GA"},
{"en":"United Kingdom", "de":"Vereinigtes Königreich Großbritannien und Nordirland","code":"GB"},
{"en":"Grenada", "de":"Grenada","code":"GD"},
{"en":"Georgia", "de":"Georgien","code":"GE"},
{"en":"French Guiana", "de":"Französisch-Guayana","code":"GF"},
{"en":"Guernsey", "de":"Guernsey (Kanalinsel)","code":"GG"},
{"en":"Ghana", "de":"Ghana","code":"GH"},
{"en":"Gibraltar", "de":"Gibraltar","code":"GI"},
{"en":"Greenland", "de":"Grönland","code":"GL"},
{"en":"Gambia", "de":"Gambia","code":"GM"},
{"en":"Guinea", "de":"Guinea","code":"GN"},
{"en":"Guadeloupe", "de":"Guadeloupe","code":"GP"},
{"en":"Equatorial Guinea", "de":"Äquatorialguinea","code":"GQ"},
{"en":"Greece", "de":"Griechenland","code":"GR"},
{"en":"South Georgia And The South Sandwich Islands", "de":"Südgeorgien und die Südlichen Sandwichinseln","code":"GS"},
{"en":"Guatemala", "de":"Guatemala","code":"GT"},
{"en":"Guam", "de":"Guam","code":"GU"},
{"en":"Guinea-bissau", "de":"Guinea-Bissau","code":"GW"},
{"en":"Guyana", "de":"Guyana","code":"GY"},
{"en":"Hong Kong", "de":"Hongkong","code":"HK"},
{"en":"Heard Island And Mcdonald Islands", "de":"Heard und McDonaldinseln","code":"HM"},
{"en":"Honduras", "de":"Honduras","code":"HN"},
{"en":"Croatia", "de":"Kroatien","code":"HR"},
{"en":"Haiti", "de":"Haiti","code":"HT"},
{"en":"Hungary", "de":"Ungarn","code":"HU"},
{"en":"Indonesia", "de":"Indonesien","code":"ID"},
{"en":"Ireland", "de":"Irland","code":"IE"},
{"en":"Israel", "de":"Israel","code":"IL"},
{"en":"Isle Of Man", "de":"Insel Man","code":"IM"},
{"en":"India", "de":"Indien","code":"IN"},
{"en":"British Indian Ocean Territory", "de":"Britisches Territorium im Indischen Ozean","code":"IO"},
{"en":"Iraq", "de":"Irak","code":"IQ"},
{"en":"Iran, Islamic Republic Of","de":"Iran Islamische Republik","code":"IR"},
{"en":"Iceland", "de":"Island","code":"IS"},
{"en":"Italy", "de":"Italien","code":"IT"},
{"en":"Jersey", "de":"Jersey (Kanalinsel)","code":"JE"},
{"en":"Jamaica", "de":"Jamaika","code":"JM"},
{"en":"Jordan", "de":"Jordanien","code":"JO"},
{"en":"Japan", "de":"Japan","code":"JP"},
{"en":"Kenya", "de":"Kenia","code":"KE"},
{"en":"Kyrgyzstan", "de":"Kirgisistan","code":"KG"},
{"en":"Cambodia", "de":"Kambodscha","code":"KH"},
{"en":"Kiribati", "de":"Kiribati","code":"KI"},
{"en":"Comoros", "de":"Komoren","code":"KM"},
{"en":"Saint Kitts And Nevis", "de":"St. Kitts und Nevis","code":"KN"},
{"en":"Korea, Democratic People's Republic Of", "de": "Korea, Demokratische Volksrepublik (Nordkorea)","code":"KP"},
{"en":"Korea,  Republic Of", "de":"Korea, Republik (Südkorea)","code":"KR"},
{"en":"Kuwait", "de":"Kuwait","code":"KW"},
{"en":"Cayman Islands", "de":"Kaimaninseln","code":"KY"},
{"en":"Kazakhstan", "de":"Kasachstan","code":"KZ"},
{"en":"Lao People's Democratic Republic", "de":"Laos, Demokratische Volksrepublik","code":"LA"},
{"en":"Lebanon", "de":"Libanon","code":"LB"},
{"en":"Saint Lucia", "de":"St. Lucia","code":"LC"},
{"en":"Liechtenstein", "de":"Liechtenstein","code":"LI"},
{"en":"Sri Lanka", "de":"Sri Lanka","code":"LK"},
{"en":"Liberia", "de":"Liberia","code":"LR"},
{"en":"Lesotho", "de":"Lesotho","code":"LS"},
{"en":"Lithuania", "de":"Litauen","code":"LT"},
{"en":"Luxembourg", "de":"Luxemburg","code":"LU"},
{"en":"Latvia", "de":"Lettland","code":"LV"},
{"en":"Libyan Arab Jamahiriya", "de":"Libysch-Arabische Dschamahirija (Libyen)","code":"LY"},
{"en":"Morocco", "de":"Marokko","code":"MA"},
{"en":"Monaco", "de":"Monaco","code":"MC"},
{"en":"Moldova, Republic Of", "de":"Moldawien (Republik Moldau)","code":"MD"},
{"en":"Montenegro", "de":"Montenegro","code":"ME"},
{"en":"Saint Martin", "de":"Saint-Martin (franz. Teil)","code":"MF"},
{"en":"Madagascar", "de":"Madagaskar","code":"MG"},
{"en":"Marshall Islands", "de":"Marshallinseln","code":"MH"},
{"en":"Macedonia, The Former Yugoslav Republic Of", "de":"Mazedonien, ehem. Jugoslawische Republik","code":"MK"},
{"en":"Mali", "de":"Mali","code":"ML"},
{"en":"Myanmar", "de":"Myanmar (Burma)","code":"MM"},
{"en":"Mongolia", "de":"Mongolei","code":"MN"},
{"en":"Macao", "de":"Macao","code":"MO"},
{"en":"Northern Mariana Islands", "de":"Nördliche Marianen","code":"MP"},
{"en":"Martinique", "de":"Martinique","code":"MQ"},
{"en":"Mauritania", "de":"Mauretanien","code":"MR"},
{"en":"Montserrat", "de":"Montserrat","code":"MS"},
{"en":"Malta", "de":"Malta","code":"MT"},
{"en":"Mauritius", "de":"Mauritius","code":"MU"},
{"en":"Maldives", "de":"Malediven","code":"MV"},
{"en":"Malawi", "de":"Malawi","code":"MW"},
{"en":"Mexico", "de":"Mexiko","code":"MX"},
{"en":"Malaysia", "de":"Malaysia","code":"MY"},
{"en":"Mozambique", "de":"Mosambik","code":"MZ"},
{"en":"Namibia", "de":"Namibia","code":"NA"},
{"en":"New Caledonia", "de":"Neukaledonien","code":"NC"},
{"en":"Niger", "de":"Niger","code":"NE"},
{"en":"Norfolk Island", "de":"Norfolkinsel","code":"NF"},
{"en":"Nigeria", "de":"Nigeria","code":"NG"},
{"en":"Nicaragua", "de":"Nicaragua","code":"NI"},
{"en":"Netherlands", "de":"Niederlande","code":"NL"},
{"en":"Norway", "de":"Norwegen","code":"NO"},
{"en":"Nepal", "de":"Nepal","code":"NP"},
{"en":"Nauru", "de":"Nauru","code":"NR"},
{"en":"Niue", "de":"Niue","code":"NU"},
{"en":"New Zealand", "de":"Neuseeland","code":"NZ"},
{"en":"Oman", "de":"Oman","code":"OM"},
{"en":"Panama", "de":"Panama","code":"PA"},
{"en":"Peru", "de":"Peru","code":"PE"},
{"en":"French Polynesia", "de":"Französisch-Polynesien","code":"PF"},
{"en":"Papua New Guinea", "de":"Papua-Neuguinea","code":"PG"},
{"en":"Philippines", "de":"Philippinen","code":"PH"},
{"en":"Pakistan", "de":"Pakistan","code":"PK"},
{"en":"Poland", "de":"Polen","code":"PL"},
{"en":"Saint Pierre And Miquelon", "de":"St. Pierre und Miquelon","code":"PM"},
{"en":"Pitcairn", "de":"Pitcairninseln","code":"PN"},
{"en":"Puerto Rico", "de":"Puerto Rico","code":"PR"},
{"en":"Palestinian Territory, Occupied", "de":"Palästinensische Autonomiegebiete","code":"PS"},
{"en":"Portugal", "de":"Portugal","code":"PT"},
{"en":"Palau", "de":"Palau","code":"PW"},
{"en":"Paraguay", "de":"Paraguay","code":"PY"},
{"en":"Qatar", "de":"Katar","code":"QA"},
{"en":"Reunion", "de":"Réunion","code":"RE"},
{"en":"Romania", "de":"Rumänien","code":"RO"},
{"en":"Serbia", "de":"Serbien","code":"RS"},
{"en":"Russian Federation", "de":"Russische Föderation","code":"RU"},
{"en":"Rwanda", "de":"Ruanda","code":"RW"},
{"en":"Saudi Arabia", "de":"Saudi-Arabien","code":"SA"},
{"en":"Solomon Islands", "de":"Salomonen","code":"SB"},
{"en":"Seychelles", "de":"Seychellen","code":"SC"},
{"en":"Sudan", "de":"Sudan","code":"SD"},
{"en":"Sweden", "de":"Schweden","code":"SE"},
{"en":"Singapore", "de":"Singapur","code":"SG"},
{"en":"Saint Helena", "de":"St. Helena","code":"SH"},
{"en":"Slovenia", "de":"Slowenien","code":"SI"},
{"en":"Svalbard And Jan Mayen", "de":"Svalbard und Jan Mayen","code":"SJ"},
{"en":"Slovakia", "de":"Slowakei","code":"SK"},
{"en":"Sierra Leone", "de":"Sierra Leone","code":"SL"},
{"en":"San Marino", "de":"San Marino","code":"SM"},
{"en":"Senegal", "de":"Senegal","code":"SN"},
{"en":"Somalia", "de":"Somalia","code":"SO"},
{"en":"Suriname", "de":"Suriname","code":"SR"},
{"en":"South Sudan", "de":"Südsudan","code":"SS"},
{"en":"Sao Tome And Principe", "de":"São Tomé und Príncipe","code":"ST"},
{"en":"El Salvador", "de":"El Salvador","code":"SV"},
{"en":"Sint Maarten (dutch Part),Sint Maarten (niederl. Teil)","code":"SX"},
{"en":"Syrian Arab Republic", "de":"Syrien Arabische Republik","code":"SY"},
{"en":"Swaziland", "de":"Swasiland","code":"SZ"},
{"en":"Turks And Caicos Islands", "de":"Turks- und Caicosinseln","code":"TC"},
{"en":"Chad", "de":"Tschad","code":"TD"},
{"en":"French Southern Territories", "de":"Französische Süd- und Antarktisgebiete","code":"TF"},
{"en":"Togo", "de":"Togo","code":"TG"},
{"en":"Thailand", "de":"Thailand","code":"TH"},
{"en":"Tajikistan", "de":"Tadschikistan","code":"TJ"},
{"en":"Tokelau", "de":"Tokelau","code":"TK"},
{"en":"Timor-leste", "de":"Osttimor (Timor-Leste)","code":"TL"},
{"en":"Turkmenistan", "de":"Turkmenistan","code":"TM"},
{"en":"Tunisia", "de":"Tunesien","code":"TN"},
{"en":"Tonga", "de":"Tonga","code":"TO"},
{"en":"Turkey", "de":"Türkei","code":"TR"},
{"en":"Trinidad And Tobago", "de":"Trinidad und Tobago","code":"TT"},
{"en":"Tuvalu", "de":"Tuvalu","code":"TV"},
{"en":"Taiwan", "de":"Taiwan","code":"TW"},
{"en":"Tanzania, United Republic Of", "de":"Tansania, Vereinigte Republik","code":"TZ"},
{"en":"Ukraine", "de":"Ukraine","code":"UA"},
{"en":"Uganda", "de":"Uganda","code":"UG"},
{"en":"United States Minor Outlying Islands", "de":"United States Minor Outlying Islands","code":"UM"},
{"en":"United States", "de":"Vereinigte Staaten von Amerika","code":"US"},
{"en":"Uruguay", "de":"Uruguay","code":"UY"},
{"en":"Uzbekistan", "de":"Usbekistan","code":"UZ"},
{"en":"Holy See (vatican City State),Vatikanstadt","code":"VA"},
{"en":"Saint Vincent And The Grenadines", "de":"St. Vincent und die Grenadinen","code":"VC"},
{"en":"Venezuela, Bolivarian Republic Of", "de": "Venezuela","code":"VE"},
{"en":"Virgin Islands, British", "de":"Britische Jungferninseln","code":"VG"},
{"en":"Virgin Islands, U.S.", "de":"Amerikanische Jungferninseln","code":"VI"},
{"en":"Vietnam", "de":"Vietnam","code":"VN"},
{"en":"Vanuatu", "de":"Vanuatu","code":"VU"},
{"en":"Wallis And Futuna", "de":"Wallis und Futuna","code":"WF"},
{"en":"Samoa", "de":"Samoa","code":"WS"},
{"en":"Kosovo", "de":"Kosovo","code":"XK"},
{"en":"Yemen", "de":"Jemen","code":"YE"},
{"en":"Mayotte", "de":"Mayotte","code":"YT"},
{"en":"South Africa", "de":"Südafrika","code":"ZA"},
{"en":"Zambia", "de":"Sambia","code":"ZM"},
{"en":"Zimbabwe", "de":"Simbabwe", "code":"ZW"}]
